battery_id,vehicle_age_years,total_charge_cycles,avg_depth_of_discharge_percent,avg_charging_time_hours,fast_charging_frequency_percent,avg_battery_temperature_c,max_battery_temperature_c,avg_voltage,internal_resistance_mohm,capacity_retention_percent,battery_health_status
B0001,3,993,53,3,64,45,56,3,30,72,Degraded
B0002,1,209,92,3,28,27,37,3,31,87,Moderate
B0003,7,906,40,2,25,24,39,4,19,76,Moderate
B0004,1,559,81,2,65,40,47,3,27,79,Moderate
B0005,5,1271,75,3,23,33,44,3,33,65,Degraded
B0006,8,350,48,1,7,44,55,4,15,88,Moderate
B0007,1,326,56,2,5,26,36,3,11,91,Healthy
B0008,2,817,56,3,37,34,41,4,24,78,Moderate
B0009,3,1610,63,3,65,32,41,3,25,61,Degraded
B0010,5,878,66,3,65,37,50,3,20,77,Moderate
B0011,1,651,62,2,12,49,55,4,10,85,Degraded
B0012,6,483,43,3,43,31,44,4,9,87,Moderate
B0013,1,652,61,3,40,27,39,3,10,84,Moderate
B0014,4,696,85,3,5,29,43,3,21,80,Moderate
B0015,4,534,55,2,46,37,44,3,14,86,Moderate
B0016,4,1125,71,3,26,31,39,4,15,73,Degraded
B0017,3,1193,67,3,48,48,59,4,35,64,Degraded
B0018,2,1451,67,3,67,26,30,3,37,59,Degraded
B0019,0,1064,80,2,73,32,45,4,9,76,Moderate
B0020,1,793,62,3,36,48,61,3,37,74,Degraded
B0021,8,675,51,2,9,27,32,3,30,78,Moderate
B0022,1,198,41,2,56,47,56,3,8,94,Healthy
B0023,2,1252,93,2,34,30,42,4,17,69,Degraded
B0024,3,551,76,2,75,45,51,3,34,80,Moderate
B0025,2,1513,40,3,62,29,35,4,37,59,Degraded
B0026,2,973,46,2,37,32,43,4,8,79,Moderate
B0027,5,573,90,3,45,27,38,4,32,78,Moderate
B0028,8,1698,89,2,52,36,44,4,34,56,Degraded
B0029,2,1371,74,3,86,27,34,4,30,64,Degraded
B0030,7,703,50,3,41,30,42,4,10,82,Moderate
B0031,3,1590,75,3,23,38,43,3,10,65,Degraded
B0032,6,220,42,2,23,40,48,3,16,90,Healthy
B0033,7,510,72,3,62,43,53,3,22,84,Moderate
B0034,5,344,84,2,9,26,35,3,35,82,Moderate
B0035,6,1592,45,2,51,43,50,3,24,61,Degraded
B0036,1,1333,69,2,51,46,55,3,17,69,Degraded
B0037,8,1443,88,3,65,26,33,3,27,62,Degraded
B0038,2,1249,42,2,29,34,43,4,14,70,Degraded
B0039,1,730,71,3,27,27,40,4,24,79,Moderate
B0040,7,1541,81,3,42,34,45,3,26,62,Healthy
B0041,7,664,45,3,49,44,49,3,21,81,Moderate
B0042,7,1060,90,2,71,46,57,3,33,69,Degraded
B0043,5,1274,61,3,51,44,59,4,28,67,Degraded
B0044,4,711,72,3,64,36,45,3,13,81,Moderate
B0045,1,979,68,3,60,32,40,3,25,73,Moderate
B0046,4,1814,59,3,67,43,57,3,12,60,Degraded
B0047,2,906,48,3,6,24,31,3,29,74,Degraded
B0048,6,549,84,2,23,31,41,4,30,79,Moderate
B0049,1,288,55,2,61,38,46,3,36,84,Moderate
B0050,7,1144,44,2,52,45,56,3,37,67,Degraded
B0051,4,107,50,3,37,44,59,4,33,88,Moderate
B0052,4,1124,43,3,20,48,59,4,34,67,Degraded
B0053,5,1610,58,3,55,27,32,3,26,60,Degraded
B0054,7,1397,42,3,44,34,40,3,25,65,Degraded
B0055,6,935,64,2,29,34,48,3,26,72,Degraded
B0056,3,1303,91,2,79,48,57,3,36,62,Healthy
B0057,3,1516,76,3,70,27,32,4,11,66,Degraded
B0058,3,223,64,3,42,36,41,4,30,87,Moderate
B0059,6,985,69,3,67,44,58,3,34,70,Degraded
B0060,1,1726,51,3,23,36,49,3,21,60,Degraded
B0061,6,1705,59,2,21,45,54,3,32,57,Degraded
B0062,5,1524,75,3,20,49,60,3,17,63,Degraded
B0063,8,524,70,2,38,47,53,4,15,85,Moderate
B0064,6,549,56,2,11,38,51,3,25,80,Moderate
B0065,7,1308,44,2,41,43,55,3,8,71,Degraded
B0066,7,1753,46,3,7,28,38,4,26,56,Degraded
B0067,6,1274,76,2,23,31,38,3,26,66,Degraded
B0068,4,1209,59,2,65,34,44,4,20,71,Degraded
B0069,2,593,89,2,36,30,39,4,19,83,Moderate
B0070,8,280,87,3,80,29,37,4,27,87,Moderate
B0071,1,145,81,2,20,25,34,4,10,95,Healthy
B0072,7,1081,52,3,19,32,41,3,35,68,Degraded
B0073,3,1247,67,3,10,42,51,4,39,63,Degraded
B0074,4,1027,56,2,81,39,47,4,25,72,Degraded
B0075,3,832,86,3,13,48,55,4,11,81,Moderate
B0076,1,461,40,3,53,35,44,4,32,82,Moderate
B0077,8,857,88,3,5,45,56,4,24,75,Degraded
B0078,4,1758,78,3,25,29,38,4,18,59,Degraded
B0079,3,1244,53,2,5,43,50,3,24,68,Degraded
B0080,6,153,67,2,43,27,37,4,35,86,Moderate
B0081,3,1169,83,3,62,41,53,4,28,68,Degraded
B0082,5,166,90,3,67,26,36,4,26,90,Moderate
B0083,4,950,89,3,58,49,59,3,22,74,Degraded
B0084,3,908,79,3,7,28,42,4,17,78,Moderate
B0085,6,1092,44,3,59,26,33,4,29,70,Degraded
B0086,1,204,49,2,12,29,40,4,32,86,Moderate
B0087,7,1343,66,3,55,43,50,4,24,67,Degraded
B0088,3,639,60,3,9,33,46,4,24,81,Moderate
B0089,4,1190,65,3,61,35,40,3,8,74,Degraded
B0090,1,1371,92,2,60,46,60,4,21,66,Degraded
B0091,4,462,65,2,59,42,54,4,30,82,Moderate
B0092,4,1630,84,3,44,27,34,3,32,58,Degraded
B0093,6,144,49,3,21,30,41,3,19,91,Healthy
B0094,2,1649,58,2,14,28,40,4,22,61,Degraded
B0095,5,1611,74,3,45,41,48,3,12,65,Healthy
B0096,3,1403,73,2,62,37,47,4,9,70,Degraded
B0097,1,378,46,2,9,35,47,4,31,83,Moderate
B0098,1,594,78,3,27,30,36,4,19,81,Moderate
B0099,7,767,92,2,55,49,55,4,15,81,Moderate
B0100,4,280,84,2,30,46,54,3,8,92,Healthy
B0101,6,263,86,3,16,30,39,3,37,84,Healthy
B0102,4,289,71,2,13,29,40,4,9,91,Healthy
B0103,3,1815,58,2,79,41,54,4,31,56,Degraded
B0104,5,1539,70,2,74,36,42,3,30,61,Degraded
B0105,8,713,73,2,44,46,58,4,11,82,Moderate
B0106,2,872,75,2,9,43,57,4,31,72,Degraded
B0107,7,203,56,3,43,32,40,4,8,94,Healthy
B0108,6,217,72,2,72,38,47,4,26,88,Moderate
B0109,5,282,45,2,55,32,46,3,23,88,Moderate
B0110,7,1458,91,3,31,28,38,4,36,61,Degraded
B0111,2,1045,72,2,71,34,43,4,8,78,Moderate
B0112,1,1287,86,3,55,49,60,3,21,68,Degraded
B0113,4,250,66,3,42,28,42,3,11,92,Healthy
B0114,7,1389,48,2,8,31,43,3,20,66,Degraded
B0115,5,321,53,2,66,35,43,4,12,90,Healthy
B0116,7,235,81,3,35,33,43,3,21,90,Moderate
B0117,7,935,62,2,25,39,46,3,32,74,Degraded
B0118,3,665,89,3,23,39,52,4,17,82,Moderate
B0119,7,221,63,2,66,43,57,4,13,92,Healthy
B0120,3,1358,66,3,20,35,42,3,32,64,Degraded
B0121,4,835,94,3,52,35,45,3,26,75,Moderate
B0122,5,1094,57,3,53,44,54,4,37,67,Healthy
B0123,8,675,46,3,18,47,54,3,26,79,Moderate
B0124,3,742,68,3,34,40,52,4,8,82,Moderate
B0125,6,1337,89,3,42,43,52,3,36,64,Degraded
B0126,1,1739,71,2,37,25,36,4,39,53,Degraded
B0127,6,1479,46,1,70,48,59,4,36,60,Degraded
B0128,5,842,87,3,57,25,38,3,39,71,Degraded
B0129,8,1409,86,3,71,44,53,3,21,66,Degraded
B0130,3,1051,58,2,13,25,35,4,23,73,Degraded
B0131,2,1679,68,2,6,25,34,3,17,62,Degraded
B0132,7,816,62,2,24,29,38,3,37,74,Moderate
B0133,3,1215,84,2,29,41,56,4,34,66,Degraded
B0134,7,238,71,2,19,33,45,4,33,86,Moderate
B0135,2,1395,82,2,30,36,43,3,17,66,Degraded
B0136,7,250,60,3,45,30,36,4,32,86,Moderate
B0137,4,715,62,2,31,49,59,4,9,83,Moderate
B0138,5,891,47,3,21,45,59,3,9,79,Moderate
B0139,2,1500,39,2,41,43,57,3,17,65,Degraded
B0140,3,1652,74,3,43,32,39,4,30,59,Degraded
B0141,6,850,61,3,38,28,36,3,27,75,Degraded
B0142,1,1090,84,2,79,26,35,3,15,74,Degraded
B0143,6,1336,82,3,29,31,38,4,11,70,Degraded
B0144,1,1561,69,1,16,43,52,3,34,58,Moderate
B0145,8,1136,49,3,49,36,48,4,38,66,Degraded
B0146,7,1608,94,3,73,49,55,3,22,60,Degraded
B0147,6,562,83,3,36,34,45,4,33,78,Moderate
B0148,5,315,45,2,11,33,40,4,26,85,Degraded
B0149,4,1638,57,3,42,27,32,4,14,64,Moderate
B0150,1,1262,62,2,64,37,43,4,18,69,Healthy
B0151,3,258,62,2,19,49,54,4,29,86,Moderate
B0152,3,770,73,3,47,36,42,3,17,79,Moderate
B0153,8,335,94,2,22,27,38,3,36,83,Healthy
B0154,6,544,92,2,19,48,61,4,31,79,Moderate
B0155,3,478,43,3,54,27,39,3,11,88,Moderate
B0156,6,416,64,2,57,38,51,3,32,82,Moderate
B0157,6,1247,76,3,48,30,41,4,21,69,Degraded
B0158,5,1239,52,3,74,45,52,3,27,68,Degraded
B0159,7,1456,93,3,77,35,41,3,16,67,Degraded
B0160,2,350,45,3,58,39,49,4,10,90,Moderate
B0161,5,1636,80,3,66,41,53,4,10,63,Degraded
B0162,2,1298,86,2,73,37,47,3,16,70,Degraded
B0163,4,701,67,2,71,49,55,4,16,81,Moderate
B0164,3,1621,45,3,81,30,41,4,23,60,Degraded
B0165,4,577,77,2,80,29,35,3,19,83,Moderate
B0166,4,506,89,3,61,32,38,4,21,85,Moderate
B0167,3,1418,62,3,44,25,38,3,21,66,Degraded
B0168,6,1306,74,3,42,31,40,4,33,64,Degraded
B0169,4,1168,62,2,37,35,44,4,38,66,Degraded
B0170,0,1401,53,3,15,31,37,3,21,66,Degraded
B0171,3,1374,57,2,62,48,55,3,26,65,Degraded
B0172,6,692,80,3,67,39,48,3,12,83,Moderate
B0173,2,585,89,3,67,41,51,4,29,80,Moderate
B0174,3,572,57,3,67,39,46,4,27,80,Moderate
B0175,6,1112,67,2,10,39,46,3,30,69,Degraded
B0176,4,1546,75,3,18,34,44,4,37,58,Degraded
B0177,6,943,70,2,82,44,54,3,11,78,Moderate
B0178,8,845,67,3,51,39,49,4,14,79,Moderate
B0179,6,1552,44,2,64,30,37,3,39,56,Degraded
B0180,7,865,51,3,84,32,45,4,28,74,Degraded
B0181,2,1154,85,3,75,27,36,4,32,67,Degraded
B0182,5,1714,54,2,81,31,36,4,27,58,Moderate
B0183,4,1138,61,3,5,48,59,3,20,72,Degraded
B0184,2,335,70,2,41,35,49,4,13,89,Moderate
B0185,7,854,59,3,44,41,54,4,22,76,Moderate
B0186,4,1231,68,3,78,31,38,3,8,73,Degraded
B0187,5,665,90,2,73,30,41,3,33,75,Moderate
B0188,6,1088,81,2,52,32,39,4,16,74,Degraded
B0189,7,1495,70,3,80,32,44,4,37,59,Degraded
B0190,6,187,46,3,84,29,38,4,33,87,Moderate
B0191,4,1253,79,2,18,35,41,3,30,66,Degraded
B0192,5,1628,84,3,23,47,55,4,36,55,Degraded
B0193,6,780,73,3,75,42,49,3,39,73,Healthy
B0194,4,1190,41,2,36,46,51,4,24,69,Degraded
B0195,7,220,63,2,5,35,43,4,25,87,Moderate
B0196,7,718,79,2,69,39,45,4,14,81,Moderate
B0197,3,1494,93,2,8,37,42,4,22,64,Degraded
B0198,2,906,47,2,44,36,42,3,13,79,Moderate
B0199,1,657,93,3,15,48,59,3,10,83,Moderate
B0200,1,1301,64,3,71,27,36,3,8,72,Degraded
B0201,6,1802,85,2,35,35,49,3,19,59,Degraded
B0202,3,1718,49,3,4,29,37,4,20,60,Degraded
B0203,6,678,94,2,40,39,49,4,24,79,Moderate
B0204,7,1692,66,3,9,36,45,3,9,64,Degraded
B0205,1,1417,58,2,5,48,54,3,28,63,Degraded
B0206,1,1285,88,3,15,34,43,4,31,64,Degraded
B0207,6,208,74,2,34,49,60,3,22,89,Moderate
B0208,4,1002,83,3,24,37,45,4,16,74,Healthy
B0209,6,1097,89,2,11,30,39,4,22,71,Degraded
B0210,6,452,94,3,77,42,48,4,15,88,Moderate
B0211,7,657,65,3,50,28,33,4,38,74,Moderate
B0212,6,1159,87,3,65,26,32,4,38,65,Degraded
B0213,8,1195,88,3,82,33,41,4,13,72,Moderate
B0214,3,1758,58,3,15,33,43,3,18,60,Moderate
B0215,3,914,46,2,19,25,39,3,28,73,Degraded
B0216,3,734,64,3,40,36,45,3,10,84,Moderate
B0217,2,1057,49,3,15,27,36,4,24,72,Degraded
B0218,7,735,68,2,15,29,35,4,21,79,Moderate
B0219,4,862,84,3,74,38,44,4,18,77,Moderate
B0220,1,557,82,2,49,45,59,4,25,82,Moderate
B0221,1,860,52,2,35,39,46,3,26,74,Degraded
B0222,5,1799,85,3,13,40,54,4,25,57,Moderate
B0223,4,703,44,3,79,31,45,4,38,75,Degraded
B0224,6,421,88,3,47,48,57,3,29,82,Moderate
B0225,6,1504,82,2,49,38,48,4,28,61,Degraded
B0226,7,1146,49,3,47,32,44,3,33,67,Degraded
B0227,2,1704,90,3,66,31,44,4,26,58,Degraded
B0228,5,1088,94,3,51,41,48,4,9,75,Moderate
B0229,2,784,86,2,39,31,45,3,20,78,Moderate
B0230,5,1430,65,3,39,31,40,4,17,67,Degraded
B0231,4,1277,79,3,26,39,45,4,13,70,Degraded
B0232,5,1257,85,2,42,27,40,3,33,64,Degraded
B0233,3,1096,41,2,63,26,35,3,38,66,Degraded
B0234,5,1415,48,3,49,27,36,4,30,64,Degraded
B0235,4,694,55,3,32,44,56,4,33,76,Moderate
B0236,8,1639,71,3,58,41,54,3,32,58,Degraded
B0237,6,1175,56,2,14,43,51,4,20,72,Degraded
B0238,1,713,78,2,69,49,58,3,29,76,Moderate
B0239,1,913,72,3,82,30,38,4,22,75,Moderate
B0240,1,1825,90,2,6,49,62,4,10,61,Degraded
B0241,3,1521,65,3,57,30,37,4,22,63,Degraded
B0242,8,1219,91,2,54,34,44,4,10,72,Degraded
B0243,6,1779,55,3,83,31,40,4,22,58,Degraded
B0244,4,653,65,3,83,44,50,4,33,76,Moderate
B0245,5,336,94,2,18,25,35,4,27,85,Moderate
B0246,4,972,64,3,10,45,51,3,21,73,Degraded
B0247,8,1136,70,2,17,38,46,3,35,67,Degraded
B0248,7,753,67,2,9,46,54,3,12,80,Moderate
B0249,7,883,64,2,16,42,53,3,32,74,Degraded
B0250,2,1185,61,2,66,38,45,3,23,68,Degraded
B0251,1,1391,43,4,22,29,40,3,36,61,Degraded
B0252,5,243,78,2,67,29,37,3,39,85,Moderate
B0253,2,570,65,2,18,31,41,3,11,84,Moderate
B0254,1,494,66,2,82,44,59,4,31,80,Moderate
B0255,4,193,51,2,57,42,51,4,11,94,Degraded
B0256,3,567,50,2,57,47,55,4,12,85,Moderate
B0257,7,763,58,2,55,30,45,4,21,79,Moderate
B0258,1,301,56,3,47,25,30,3,36,83,Moderate
B0259,3,324,77,2,79,46,53,3,29,86,Moderate
B0260,5,177,56,2,48,44,52,4,8,94,Healthy
B0261,4,1144,52,2,48,25,33,3,31,67,Degraded
B0262,1,249,60,2,35,38,46,3,23,89,Moderate
B0263,7,611,68,2,63,29,38,4,39,77,Moderate
B0264,1,215,76,2,12,32,45,4,22,88,Moderate
B0265,2,1688,76,3,82,33,46,4,29,57,Degraded
B0266,1,435,50,3,17,32,38,4,28,83,Moderate
B0267,8,1408,70,3,15,34,39,4,30,63,Healthy
B0268,1,565,53,2,24,44,52,3,39,76,Moderate
B0269,4,194,60,2,35,47,58,4,16,92,Healthy
B0270,5,278,52,2,13,38,50,4,30,86,Moderate
B0271,6,328,61,3,26,37,43,3,27,86,Moderate
B0272,6,397,89,2,26,49,58,4,36,82,Moderate
B0273,6,588,92,3,31,31,44,4,22,81,Moderate
B0274,2,1301,55,3,8,27,32,3,10,71,Healthy
B0275,3,1002,72,2,12,45,56,4,8,78,Moderate
B0276,3,1139,47,3,62,46,51,3,32,67,Degraded
B0277,8,1555,60,2,73,47,55,4,12,66,Degraded
B0278,3,1264,58,3,29,29,39,3,15,71,Degraded
B0279,2,306,78,2,64,49,57,3,14,90,Moderate
B0280,4,618,42,2,84,47,55,4,38,76,Moderate
B0281,4,1796,56,3,66,43,48,4,26,57,Degraded
B0282,1,1228,50,3,33,28,35,3,12,72,Degraded
B0283,2,229,95,2,68,44,49,4,34,85,Moderate
B0284,6,1142,92,3,22,30,38,3,21,71,Degraded
B0285,2,1663,53,3,12,41,49,3,36,56,Degraded
B0286,8,1040,82,2,74,41,48,4,17,72,Degraded
B0287,7,977,91,2,67,29,37,4,17,75,Degraded
B0288,8,467,45,3,43,42,49,3,32,81,Moderate
B0289,1,882,93,2,66,49,58,4,11,79,Moderate
B0290,1,1480,84,2,12,27,38,4,30,61,Degraded
B0291,8,1532,94,2,82,31,43,3,31,60,Degraded
B0292,1,409,83,2,72,42,48,4,14,89,Moderate
B0293,7,771,50,3,17,39,51,3,33,74,Degraded
B0294,4,1015,52,3,62,45,51,3,31,71,Degraded
B0295,2,1085,87,2,17,49,62,3,28,71,Moderate
B0296,2,587,46,3,35,41,53,3,9,85,Moderate
B0297,4,164,80,3,52,41,47,3,14,93,Healthy
B0298,7,934,61,2,26,40,53,4,9,78,Moderate
B0299,7,540,79,3,43,30,44,4,26,82,Moderate
B0300,6,1067,70,2,23,28,36,4,31,69,Degraded
B0301,1,162,62,2,18,33,45,4,34,87,Moderate
B0302,5,189,63,2,5,32,36,3,10,94,Healthy
B0303,1,1555,62,3,53,35,42,3,18,64,Degraded
B0304,2,1691,47,2,46,28,37,4,30,56,Degraded
B0305,5,350,81,3,62,44,53,4,14,90,Moderate
B0306,5,955,44,3,42,30,35,4,30,72,Degraded
B0307,2,713,71,3,7,30,40,4,15,81,Moderate
B0308,6,913,94,3,68,37,48,3,38,71,Degraded
B0309,5,1409,67,3,63,47,56,4,8,70,Degraded
B0310,1,1040,66,2,8,27,40,4,25,72,Degraded
B0311,1,1694,83,3,70,39,52,3,9,64,Degraded
B0312,7,707,68,3,23,48,62,3,29,77,Moderate
B0313,4,678,80,3,63,35,48,3,39,76,Moderate
B0314,3,949,83,2,19,27,32,3,23,74,Degraded
B0315,1,582,80,1,51,31,41,4,35,78,Moderate
B0316,8,923,42,3,30,39,49,3,28,72,Healthy
B0317,1,1727,93,3,17,27,34,4,10,62,Degraded
B0318,1,1323,57,3,11,47,53,3,13,69,Degraded
B0319,2,585,47,2,23,38,46,3,15,83,Moderate
B0320,6,249,76,2,52,49,56,4,10,91,Healthy
B0321,6,384,59,3,82,33,44,4,25,84,Moderate
B0322,7,510,78,2,40,32,37,3,38,78,Moderate
B0323,5,917,64,3,58,27,40,3,38,71,Degraded
B0324,5,179,68,3,44,48,60,4,38,85,Moderate
B0325,6,1795,51,3,67,38,44,4,28,55,Degraded
B0326,1,1352,77,3,38,45,57,4,12,69,Healthy
B0327,7,559,62,3,11,37,48,3,19,82,Moderate
B0328,7,270,86,2,24,44,54,4,26,87,Moderate
B0329,4,575,69,3,61,31,40,3,20,82,Moderate
B0330,8,1629,42,2,59,32,38,3,13,64,Degraded
B0331,1,1825,57,2,17,30,45,4,26,57,Degraded
B0332,3,1601,68,2,43,38,44,3,28,60,Moderate
B0333,2,747,76,3,67,32,40,3,33,75,Degraded
B0334,4,839,81,2,13,48,57,3,24,77,Moderate
B0335,2,922,79,3,44,37,44,3,38,70,Degraded
B0336,3,92,79,2,79,32,44,4,20,92,Healthy
B0337,5,1348,72,3,71,32,45,4,30,64,Degraded
B0338,6,523,62,2,23,26,34,3,37,78,Moderate
B0339,6,575,58,3,42,44,49,3,33,78,Moderate
B0340,3,144,77,2,33,33,47,3,18,92,Healthy
B0341,5,1013,58,2,78,49,60,4,27,71,Degraded
B0342,5,728,41,3,7,40,52,4,16,81,Moderate
B0343,4,528,82,2,51,38,53,4,38,79,Moderate
B0344,5,350,64,3,43,45,55,4,10,90,Healthy
B0345,5,497,46,2,33,36,42,3,9,88,Moderate
B0346,7,910,81,2,79,41,54,3,29,72,Degraded
B0347,6,717,73,2,41,31,39,3,8,82,Moderate
B0348,3,1293,57,2,62,41,49,3,38,64,Degraded
B0349,6,461,89,2,67,28,41,3,27,82,Moderate
B0350,5,1604,40,2,53,29,41,4,11,65,Degraded
B0351,8,1761,67,2,66,34,42,3,33,54,Degraded
B0352,2,301,69,2,41,34,43,3,13,89,Degraded
B0353,5,313,89,2,63,39,46,3,39,82,Moderate
B0354,3,185,43,2,51,37,43,3,28,88,Moderate
B0355,7,1032,43,2,36,37,43,3,29,70,Degraded
B0356,3,1041,60,3,73,43,48,4,31,69,Degraded
B0357,8,995,86,3,55,40,49,4,15,76,Moderate
B0358,3,1796,58,2,12,29,33,4,29,56,Degraded
B0359,2,128,65,3,16,45,55,3,18,91,Healthy
B0360,5,1644,56,3,46,38,51,4,24,60,Degraded
B0361,8,765,86,2,56,30,41,3,13,82,Moderate
B0362,5,1353,61,2,78,49,56,4,26,66,Degraded
B0363,7,184,66,3,8,31,38,3,15,92,Healthy
B0364,1,1017,57,3,77,43,53,3,12,76,Moderate
B0365,4,1646,70,3,25,46,54,4,17,63,Degraded
B0366,5,372,56,3,47,47,56,3,32,82,Moderate
B0367,7,1285,58,2,29,41,53,3,14,70,Degraded
B0368,1,1393,63,3,19,29,40,4,35,62,Degraded
B0369,5,1239,39,3,69,32,43,3,22,69,Degraded
B0370,3,1362,70,2,79,28,39,3,35,62,Healthy
B0371,5,1409,84,3,18,26,38,3,9,68,Degraded
B0372,7,1820,77,2,69,37,49,3,35,54,Degraded
B0373,7,1541,47,2,58,46,57,3,8,66,Degraded
B0374,5,1754,92,2,23,45,52,4,28,56,Degraded
B0375,2,317,63,3,79,34,42,4,27,86,Moderate
B0376,5,1132,90,3,58,48,58,4,11,73,Degraded
B0377,2,1578,47,2,32,39,44,3,8,64,Degraded
B0378,6,997,50,2,63,40,55,4,25,74,Degraded
B0379,3,379,56,2,54,32,45,3,19,86,Moderate
B0380,6,1324,67,2,68,35,42,4,9,72,Degraded
B0381,3,727,56,3,17,43,49,3,31,76,Moderate
B0382,8,1532,55,3,33,25,37,4,17,63,Degraded
B0383,1,386,52,2,27,36,41,4,32,83,Moderate
B0384,3,618,59,3,16,30,43,3,30,78,Moderate
B0385,8,657,80,2,21,38,45,3,35,76,Moderate
B0386,7,1143,56,3,35,26,39,4,17,72,Degraded
B0387,6,1254,84,3,37,33,45,4,12,72,Degraded
B0388,6,1188,44,3,23,31,41,3,11,75,Degraded
B0389,1,335,75,3,53,46,56,4,19,88,Moderate
B0390,1,1691,86,2,29,25,36,4,20,60,Degraded
B0391,4,497,85,2,17,46,53,3,18,85,Moderate
B0392,7,1485,64,3,33,40,45,4,33,61,Degraded
B0393,7,1673,91,2,51,33,38,3,15,63,Degraded
B0394,1,1627,63,3,61,31,39,4,19,62,Degraded
B0395,1,645,92,3,12,27,35,3,18,82,Moderate
B0396,7,1086,63,2,47,46,54,4,36,68,Degraded
B0397,2,677,72,2,82,47,61,4,15,82,Moderate
B0398,8,1745,70,3,78,39,49,3,34,54,Degraded
B0399,6,1351,81,3,30,33,41,3,28,65,Degraded
B0400,5,1175,86,2,80,35,39,3,27,68,Healthy
B0401,3,1536,85,2,51,42,56,3,12,66,Degraded
B0402,4,473,50,2,38,42,52,4,23,84,Moderate
B0403,3,1273,60,3,9,30,40,4,21,68,Degraded
B0404,5,1363,69,3,10,32,37,3,18,68,Degraded
B0405,6,1670,71,2,74,33,41,4,24,60,Degraded
B0406,4,1195,52,2,23,43,55,3,28,68,Degraded
B0407,0,1479,42,3,33,25,31,4,29,61,Degraded
B0408,8,1065,95,2,12,28,33,3,23,72,Degraded
B0409,2,1715,90,3,49,33,42,3,12,62,Degraded
B0410,3,1273,80,3,47,32,38,4,23,68,Degraded
B0411,1,744,67,2,70,36,50,4,29,77,Moderate
B0412,3,779,74,3,36,49,60,3,27,76,Moderate
B0413,1,1740,73,2,81,41,46,4,36,55,Degraded
B0414,5,1266,56,3,2,37,45,3,17,70,Degraded
B0415,7,1149,81,2,69,41,51,4,20,70,Degraded
B0416,2,1725,44,3,61,43,52,3,33,56,Degraded
B0417,7,1233,46,3,75,32,41,3,11,73,Moderate
B0418,7,189,54,3,10,32,41,4,21,90,Healthy
B0419,2,1665,66,2,19,27,36,3,22,61,Degraded
B0420,7,151,74,3,25,48,62,4,9,94,Healthy
B0421,7,583,93,2,29,37,46,3,28,80,Moderate
B0422,6,950,94,2,60,34,46,3,13,78,Moderate
B0423,1,302,42,3,52,28,39,4,11,91,Degraded
B0424,6,1446,89,3,30,40,47,3,37,60,Healthy
B0425,3,1145,92,2,19,48,58,3,28,69,Healthy
B0426,2,324,94,3,77,26,39,3,39,81,Moderate
B0427,1,653,56,3,56,39,52,3,12,84,Moderate
B0428,1,1288,64,2,69,32,44,3,8,71,Degraded
B0429,2,1496,79,3,61,41,48,4,35,58,Moderate
B0430,1,674,45,3,6,40,46,4,22,81,Moderate
B0431,4,298,40,2,17,28,36,3,26,87,Moderate
B0432,6,1562,78,3,34,38,43,3,11,65,Degraded
B0433,5,1045,58,3,53,32,38,3,12,76,Moderate
B0434,6,475,79,2,67,27,33,3,34,80,Moderate
B0435,7,1208,59,3,47,47,53,4,26,69,Degraded
B0436,4,946,46,2,72,42,53,4,25,73,Degraded
B0437,3,1241,72,3,58,35,43,3,24,68,Moderate
B0438,7,654,68,2,63,25,31,3,26,80,Moderate
B0439,5,1585,69,2,72,25,33,4,22,62,Degraded
B0440,1,332,57,3,25,48,54,4,16,89,Moderate
B0441,8,333,69,3,68,30,43,3,37,82,Moderate
B0442,5,1233,66,3,53,41,52,3,18,71,Degraded
B0443,4,311,40,2,79,30,39,3,30,84,Moderate
B0444,1,737,87,3,46,46,54,4,26,77,Moderate
B0445,1,1547,92,2,69,30,44,3,39,58,Degraded
B0446,5,828,75,2,5,28,33,3,32,73,Degraded
B0447,2,1189,61,3,24,48,58,4,37,64,Degraded
B0448,5,397,40,2,72,32,36,4,27,84,Moderate
B0449,8,1573,47,3,37,30,39,3,25,61,Degraded
B0450,6,790,73,3,31,38,47,3,16,80,Moderate
B0451,4,1021,66,3,44,34,40,4,14,75,Moderate
B0452,6,897,61,2,55,39,44,3,12,79,Moderate
B0453,1,907,79,2,55,28,41,4,23,75,Moderate
B0454,1,1489,93,3,42,43,51,4,20,66,Degraded
B0455,6,500,50,2,13,43,56,3,35,80,Moderate
B0456,5,352,89,3,58,30,42,3,34,82,Moderate
B0457,4,562,82,3,43,28,34,4,12,86,Moderate
B0458,6,1662,73,2,13,49,57,4,14,63,Degraded
B0459,1,952,63,3,81,25,36,4,13,78,Moderate
B0460,5,1524,77,2,34,29,34,3,29,61,Degraded
B0461,6,1059,84,3,40,28,37,3,19,73,Degraded
B0462,2,382,82,3,27,44,56,4,29,83,Moderate
B0463,2,661,71,3,54,34,48,4,8,84,Moderate
B0464,3,908,47,2,40,31,41,4,11,78,Healthy
B0465,6,550,52,3,70,48,59,3,22,82,Moderate
B0466,6,766,72,3,26,37,42,4,28,76,Moderate
B0467,6,785,82,3,27,46,51,3,37,75,Degraded
B0468,2,1046,90,2,14,39,46,3,17,74,Degraded
B0469,2,1105,54,2,51,46,53,3,36,66,Degraded
B0470,8,1718,82,3,51,25,30,4,17,61,Healthy
B0471,4,1130,41,2,17,47,51,4,23,71,Degraded
B0472,7,644,90,2,66,31,43,4,15,83,Moderate
B0473,1,401,41,2,54,31,40,4,37,80,Moderate
B0474,7,1660,41,3,37,40,52,4,16,62,Healthy
B0475,5,1197,61,3,56,46,58,4,36,64,Degraded
B0476,2,1076,81,3,8,36,44,3,32,69,Degraded
B0477,7,531,87,2,11,46,56,3,32,80,Moderate
B0478,6,1468,68,3,54,37,43,3,19,66,Degraded
B0479,8,610,67,3,69,43,50,3,40,76,Moderate
B0480,5,1040,44,2,80,35,41,4,23,72,Degraded
B0481,3,787,73,3,82,41,53,4,16,80,Moderate
B0482,5,1482,85,2,62,44,48,3,26,62,Degraded
B0483,5,1705,48,3,9,41,52,4,29,58,Degraded
B0484,5,893,80,3,67,34,48,3,17,77,Moderate
B0485,2,1648,79,2,44,36,43,3,20,61,Degraded
B0486,6,516,55,3,4,42,50,4,25,83,Moderate
B0487,8,1458,77,3,71,30,37,4,8,68,Degraded
B0488,4,213,60,3,16,28,38,3,14,91,Healthy
B0489,6,1294,43,2,75,48,56,4,27,65,Degraded
B0490,3,1693,46,2,67,46,57,3,39,55,Degraded
B0491,2,1627,85,3,10,49,61,3,32,58,Degraded
B0492,3,615,78,3,21,26,38,3,29,80,Moderate
B0493,6,1660,87,3,15,35,49,3,34,56,Degraded
B0494,2,1782,56,2,38,45,53,4,18,59,Degraded
B0495,1,644,86,2,43,38,50,4,39,76,Degraded
B0496,3,354,83,2,9,40,49,4,17,88,Moderate
B0497,3,216,68,3,46,26,40,3,32,88,Degraded
B0498,2,339,62,3,60,29,38,4,20,88,Moderate
B0499,4,1260,82,3,26,37,44,3,28,67,Degraded
B0500,3,584,50,2,8,48,60,4,32,80,Moderate
B0501,5,576,61,2,67,31,39,3,16,84,Moderate
B0502,6,1029,57,3,16,42,50,4,8,77,Moderate
B0503,5,1146,54,3,22,30,37,4,34,67,Degraded
B0504,4,1072,41,3,70,28,37,4,15,74,Degraded
B0505,1,1269,58,2,44,41,49,4,22,69,Degraded
B0506,6,607,54,3,60,40,49,4,39,76,Moderate
B0507,6,1047,92,2,62,32,41,3,27,71,Degraded
B0508,3,1455,95,2,21,33,41,4,9,69,Moderate
B0509,1,465,72,2,55,30,42,3,27,82,Moderate
B0510,4,1242,41,3,44,32,45,3,30,67,Degraded
B0511,7,182,47,2,59,34,46,3,11,91,Moderate
B0512,6,130,76,2,9,42,52,4,38,85,Moderate
B0513,2,872,41,3,14,38,47,3,17,78,Moderate
B0514,4,292,63,3,63,47,52,3,38,82,Moderate
B0515,3,922,94,2,60,26,39,3,32,72,Degraded
B0516,5,1491,51,3,18,33,45,4,24,62,Degraded
B0517,6,175,59,2,81,40,54,4,19,92,Healthy
B0518,6,558,44,2,52,42,53,4,35,80,Moderate
B0519,6,905,79,2,10,43,55,3,21,75,Moderate
B0520,5,1299,77,3,80,29,40,4,29,66,Degraded
B0521,2,1564,42,2,83,46,56,4,15,65,Degraded
B0522,3,119,55,2,15,27,32,4,36,88,Moderate
B0523,6,402,64,2,36,45,59,4,38,81,Moderate
B0524,3,601,84,3,55,44,52,4,29,80,Moderate
B0525,2,1001,53,2,63,32,38,4,29,70,Degraded
B0526,3,440,65,3,18,31,40,3,32,82,Moderate
B0527,6,1031,41,3,19,31,37,3,37,69,Degraded
B0528,4,1331,60,3,60,41,53,3,22,68,Degraded
B0529,7,801,85,2,56,25,38,3,29,75,Moderate
B0530,8,1140,73,3,83,33,38,4,32,67,Healthy
B0531,5,174,66,2,69,35,47,3,26,89,Moderate
B0532,6,920,55,2,45,47,59,3,24,74,Degraded
B0533,3,600,90,3,54,27,35,3,24,80,Moderate
B0534,3,1569,78,3,31,41,51,4,14,64,Degraded
B0535,3,1662,94,3,73,46,60,4,12,64,Degraded
B0536,8,369,71,3,63,39,45,3,10,89,Moderate
B0537,2,907,41,2,52,32,37,4,15,77,Moderate
B0538,7,456,44,2,31,33,45,4,32,82,Moderate
B0539,3,820,63,3,71,48,58,4,33,73,Healthy
B0540,5,1414,49,2,29,29,36,4,23,63,Degraded
B0541,6,1285,50,3,47,40,45,4,25,67,Degraded
B0542,7,1636,42,2,61,41,44,3,8,65,Degraded
B0543,2,1541,60,2,51,44,53,3,36,60,Degraded
B0544,5,382,54,3,55,39,52,3,32,82,Moderate
B0545,3,155,90,2,51,47,55,4,28,89,Moderate
B0546,7,836,79,3,72,31,38,4,28,75,Moderate
B0547,1,578,49,3,9,38,45,3,31,79,Moderate
B0548,1,976,68,2,63,40,46,4,36,70,Degraded
B0549,5,225,52,3,81,32,42,3,37,84,Moderate
B0550,2,826,62,2,38,47,55,3,8,81,Moderate
B0551,4,649,75,3,71,49,63,3,27,79,Degraded
B0552,6,116,76,3,85,32,37,3,33,88,Moderate
B0553,2,244,57,2,50,30,37,3,22,88,Moderate
B0554,2,734,93,3,16,41,50,3,35,74,Degraded
B0555,1,1076,87,2,38,39,48,3,13,74,Degraded
B0556,2,1580,89,3,21,48,59,3,30,61,Degraded
B0557,4,696,80,2,38,41,48,3,11,82,Moderate
B0558,6,202,87,2,28,41,52,3,9,94,Healthy
B0559,4,1323,52,3,17,29,37,4,23,67,Degraded
B0560,7,1307,44,2,33,37,44,4,30,65,Degraded
B0561,3,269,69,3,48,26,38,3,19,89,Moderate
B0562,8,1083,55,2,80,30,37,3,28,69,Degraded
B0563,4,613,72,3,48,47,56,3,31,78,Moderate
B0564,7,614,83,2,27,30,45,4,15,84,Moderate
B0565,5,574,75,3,11,40,52,3,9,86,Moderate
B0566,7,903,56,3,66,28,33,4,12,78,Moderate
B0567,7,1629,44,2,70,44,55,4,19,62,Degraded
B0568,4,1113,43,4,79,47,52,3,34,68,Degraded
B0569,7,776,59,3,75,39,47,4,37,74,Degraded
B0570,6,1347,87,2,78,38,52,3,32,63,Degraded
B0571,3,757,80,2,51,26,40,3,18,80,Moderate
B0572,7,1307,83,2,68,26,38,3,29,64,Degraded
B0573,2,890,88,2,64,40,51,4,18,77,Moderate
B0574,3,371,81,3,80,28,39,3,34,81,Moderate
B0575,3,393,56,2,10,39,50,4,15,88,Moderate
B0576,1,239,81,3,40,44,57,4,23,88,Moderate
B0577,2,690,69,3,33,47,61,4,27,77,Moderate
B0578,4,1444,69,2,53,38,46,3,17,67,Degraded
B0579,2,246,66,3,32,44,57,3,10,91,Healthy
B0580,4,304,56,2,59,28,34,4,20,87,Moderate
B0581,2,325,75,3,56,40,47,3,26,87,Moderate
B0582,4,708,91,3,60,44,57,4,25,78,Moderate
B0583,4,991,62,3,41,47,60,3,18,73,Degraded
B0584,1,749,82,2,73,43,56,4,39,73,Degraded
B0585,6,1322,71,2,57,26,35,3,9,72,Degraded
B0586,3,260,55,2,36,35,47,4,30,85,Moderate
B0587,1,1454,64,3,17,41,47,3,40,60,Healthy
B0588,3,1295,81,3,29,27,35,3,14,70,Degraded
B0589,1,1434,83,2,70,34,39,4,24,63,Degraded
B0590,6,1441,93,2,41,50,63,4,15,67,Healthy
B0591,3,1089,81,3,50,29,39,3,30,69,Degraded
B0592,1,783,82,2,84,26,40,4,18,77,Moderate
B0593,3,697,65,2,53,44,56,4,9,84,Moderate
B0594,6,1821,63,2,3,49,55,3,19,59,Degraded
B0595,5,1407,79,3,14,38,46,4,21,64,Degraded
B0596,6,389,49,2,74,27,37,4,38,80,Degraded
B0597,6,1494,64,2,49,28,36,4,10,67,Degraded
B0598,2,271,55,2,73,45,57,3,14,91,Moderate
B0599,1,809,52,2,18,31,35,4,22,78,Moderate
B0600,4,191,66,2,84,39,45,3,10,93,Healthy
B0601,3,178,84,2,36,32,40,4,16,90,Healthy
B0602,5,1667,64,2,71,37,46,3,32,58,Degraded
B0603,3,725,59,2,81,31,41,3,37,74,Degraded
B0604,1,608,73,3,73,25,39,3,8,85,Moderate
B0605,4,939,45,3,54,25,32,4,12,78,Moderate
B0606,5,1304,59,3,77,31,38,3,27,66,Degraded
B0607,6,787,82,2,64,49,59,3,21,76,Moderate
B0608,5,1205,56,2,77,34,48,3,34,67,Degraded
B0609,3,1208,68,3,61,43,54,4,21,69,Degraded
B0610,5,759,82,3,41,26,33,4,21,79,Moderate
B0611,5,1485,82,2,76,44,54,4,14,66,Degraded
B0612,5,1403,42,2,28,31,37,4,21,65,Healthy
B0613,6,840,52,3,60,49,57,4,18,78,Moderate
B0614,7,104,85,2,57,33,45,4,25,89,Healthy
B0615,5,462,65,3,33,43,48,4,21,84,Moderate
B0616,1,523,57,2,34,43,56,4,13,87,Moderate
B0617,3,1689,91,2,43,47,60,4,28,58,Degraded
B0618,2,1090,80,2,58,31,38,3,27,69,Degraded
B0619,3,1038,73,2,8,35,44,3,8,77,Moderate
B0620,1,1328,49,2,12,48,55,3,28,66,Degraded
B0621,1,1409,72,3,21,40,46,3,34,62,Degraded
B0622,3,486,57,3,52,39,51,3,37,78,Moderate
B0623,1,1348,41,3,39,42,56,3,14,69,Degraded
B0624,6,466,66,3,11,30,42,4,27,83,Moderate
B0625,5,751,76,2,46,26,39,4,29,77,Moderate
B0626,5,1572,47,3,81,47,51,4,28,60,Degraded
B0627,4,1599,93,2,21,27,38,4,19,62,Degraded
B0628,6,1340,73,3,14,28,35,3,9,72,Degraded
B0629,7,123,41,3,11,34,47,3,28,89,Moderate
B0630,4,263,70,3,32,43,54,3,33,86,Moderate
B0631,2,527,44,3,44,45,58,4,32,81,Moderate
B0632,1,1004,86,2,13,39,46,3,22,73,Degraded
B0633,7,1457,58,3,12,47,61,3,12,67,Degraded
B0634,1,575,84,3,21,37,44,4,36,78,Moderate
B0635,2,1108,47,2,44,46,58,4,18,72,Degraded
B0636,1,1604,56,3,57,41,54,4,31,57,Degraded
B0637,2,1766,85,3,46,29,41,3,14,60,Degraded
B0638,6,1560,65,2,16,35,40,4,37,58,Degraded
B0639,5,327,65,3,11,32,40,4,11,91,Degraded
B0640,2,1067,87,3,9,30,42,3,37,67,Degraded
B0641,4,1661,60,2,71,34,45,3,23,59,Degraded
B0642,8,628,52,2,59,35,43,4,28,80,Moderate
B0643,6,1135,92,3,69,42,54,4,32,68,Degraded
B0644,6,186,93,2,66,25,32,4,27,88,Moderate
B0645,7,1275,75,3,45,40,50,3,30,65,Degraded
B0646,5,771,54,3,41,36,50,3,29,76,Moderate
B0647,5,889,79,2,67,30,41,3,29,73,Degraded
B0648,4,1042,70,2,22,48,52,4,14,75,Moderate
B0649,5,940,83,2,49,33,39,3,25,74,Degraded
B0650,1,508,46,2,61,45,59,4,19,85,Moderate
B0651,4,456,58,2,21,33,39,3,25,84,Moderate
B0652,4,1462,78,2,80,38,44,4,30,62,Degraded
B0653,5,1353,63,2,68,41,49,3,20,67,Degraded
B0654,2,92,76,2,54,35,41,4,9,96,Healthy
B0655,5,830,63,3,78,25,39,3,9,81,Moderate
B0656,2,964,95,2,51,30,40,3,38,70,Degraded
B0657,7,1618,77,3,14,49,57,4,31,59,Degraded
B0658,3,1484,71,1,66,32,46,3,34,60,Degraded
B0659,8,347,54,2,56,29,40,4,22,87,Moderate
B0660,5,1755,52,2,77,33,45,4,38,54,Degraded
B0661,2,651,68,2,48,37,45,4,20,82,Moderate
B0662,3,1628,47,3,6,46,58,4,13,63,Degraded
B0663,8,1559,60,3,81,43,52,4,32,58,Degraded
B0664,2,872,82,2,5,48,62,4,18,77,Moderate
B0665,6,828,74,2,69,29,36,3,35,73,Degraded
B0666,3,1489,54,3,72,38,52,3,10,68,Degraded
B0667,7,1020,59,3,10,43,48,3,22,72,Degraded
B0668,3,1695,56,2,48,41,52,4,9,63,Degraded
B0669,2,637,63,2,9,48,60,3,31,78,Moderate
B0670,2,1519,90,2,32,27,37,3,26,62,Degraded
B0671,8,114,92,3,64,33,39,4,40,86,Moderate
B0672,6,1441,48,3,31,32,44,4,11,68,Degraded
B0673,7,327,79,3,6,40,50,3,30,84,Moderate
B0674,2,920,81,3,53,29,37,4,39,69,Degraded
B0675,4,1594,43,3,8,44,51,4,38,58,Degraded
B0676,6,1432,68,2,27,44,55,4,29,63,Degraded
B0677,7,1487,54,3,20,42,50,3,22,64,Degraded
B0678,3,694,51,2,66,44,49,3,9,85,Moderate
B0679,3,1383,53,2,76,47,60,3,15,68,Degraded
B0680,4,475,56,2,60,44,53,3,28,82,Moderate
B0681,2,415,89,2,84,47,53,4,13,88,Moderate
B0682,3,1512,56,3,72,29,37,3,26,61,Degraded
B0683,1,1589,48,2,63,26,39,4,28,60,Degraded
B0684,7,1409,74,2,41,38,43,4,8,69,Degraded
B0685,2,584,63,2,30,35,40,4,16,83,Moderate
B0686,6,1733,55,2,61,40,53,4,20,60,Degraded
B0687,6,259,78,3,82,42,53,4,36,83,Moderate
B0688,6,930,42,3,21,34,45,4,30,72,Degraded
B0689,6,1198,86,2,31,45,58,3,35,66,Degraded
B0690,3,1415,90,2,73,44,56,3,15,67,Degraded
B0691,3,354,87,2,51,31,38,3,32,84,Moderate
B0692,3,699,69,2,79,43,51,3,9,83,Moderate
B0693,7,1302,87,3,22,30,41,3,21,69,Degraded
B0694,7,1659,94,2,49,26,33,4,8,64,Degraded
B0695,7,1603,45,2,55,26,34,4,19,62,Healthy
B0696,4,1223,80,2,69,28,42,4,24,69,Degraded
B0697,7,610,47,2,76,36,42,3,12,84,Moderate
B0698,6,1123,45,3,7,34,40,3,11,74,Degraded
B0699,7,1285,71,2,5,46,55,3,26,67,Degraded
B0700,3,148,73,2,29,37,48,3,33,86,Moderate
B0701,3,1082,75,2,67,49,58,3,31,69,Degraded
B0702,7,959,63,3,82,38,52,4,10,78,Moderate
B0703,2,660,74,3,28,31,37,4,37,76,Moderate
B0704,6,743,41,3,57,30,40,4,33,76,Healthy
B0705,5,1026,56,2,68,39,53,4,20,74,Degraded
B0706,5,646,72,2,31,40,47,3,38,75,Moderate
B0707,1,1338,52,2,66,46,60,3,17,69,Degraded
B0708,6,320,82,2,44,37,49,3,31,86,Moderate
B0709,4,824,76,3,67,48,62,3,25,76,Moderate
B0710,2,444,70,2,79,46,54,3,36,79,Moderate
B0711,5,1038,56,3,48,42,47,3,24,72,Degraded
B0712,1,228,58,2,52,35,49,3,34,86,Moderate
B0713,4,1044,94,3,56,49,64,3,34,67,Degraded
B0714,5,1623,91,2,46,43,48,3,19,62,Degraded
B0715,7,917,42,2,59,27,38,4,29,73,Degraded
B0716,5,1167,83,3,28,46,51,3,17,71,Degraded
B0717,1,251,47,3,13,40,48,3,16,90,Healthy
B0718,2,770,66,3,38,49,57,3,27,76,Moderate
B0719,4,575,41,2,35,41,56,4,20,83,Moderate
B0720,5,983,73,3,25,39,48,3,17,75,Moderate
B0721,8,1214,54,3,53,26,34,4,21,70,Degraded
B0722,5,1385,79,3,83,41,47,3,36,61,Degraded
B0723,4,1333,74,2,16,44,54,4,26,66,Degraded
B0724,2,594,88,3,31,45,53,4,34,78,Moderate
B0725,6,220,44,2,27,45,54,3,10,92,Healthy
B0726,2,654,65,2,21,49,59,4,31,78,Moderate
B0727,6,717,54,2,14,35,46,4,22,79,Moderate
B0728,5,640,57,2,65,43,48,4,11,84,Moderate
B0729,2,974,80,3,10,42,51,3,19,75,Moderate
B0730,6,1009,45,2,55,35,49,4,16,76,Moderate
B0731,4,1769,93,3,11,28,43,3,21,58,Degraded
B0732,7,1072,62,3,54,31,39,4,14,75,Degraded
B0733,3,509,77,3,64,36,46,3,30,81,Moderate
B0734,1,1506,55,3,43,48,55,3,14,65,Degraded
B0735,3,188,62,2,43,48,53,3,30,88,Moderate
B0736,6,816,71,3,47,34,47,4,39,71,Degraded
B0737,8,99,50,3,60,44,56,4,36,87,Moderate
B0738,6,528,79,3,6,43,47,3,27,81,Moderate
B0739,4,1004,94,3,74,36,46,3,28,73,Degraded
B0740,8,334,66,3,52,37,49,4,16,89,Moderate
B0741,5,838,69,2,28,46,50,3,9,80,Moderate
B0742,1,1649,87,3,35,46,53,3,34,56,Degraded
B0743,4,799,51,3,32,42,50,4,9,81,Moderate
B0744,1,409,65,3,20,46,58,4,16,88,Moderate
B0745,4,1074,50,3,80,43,57,3,26,71,Degraded
B0746,7,865,46,3,36,27,35,4,8,81,Moderate
B0747,2,1766,65,3,27,45,50,4,15,61,Degraded
B0748,2,746,54,2,71,32,41,3,19,79,Healthy
B0749,4,461,87,2,12,36,45,4,28,82,Moderate
B0750,5,222,44,3,81,31,45,4,33,87,Moderate
B0751,3,1100,78,2,38,31,43,4,12,73,Degraded
B0752,7,1725,83,3,42,39,48,3,29,57,Degraded
B0753,2,1503,93,4,22,41,52,3,30,60,Degraded
B0754,3,1499,76,2,65,45,51,4,37,58,Degraded
B0755,2,337,80,3,44,37,42,4,17,88,Moderate
B0756,8,1784,44,2,5,31,44,3,35,55,Degraded
B0757,1,1290,93,2,51,30,41,3,24,67,Degraded
B0758,3,958,45,2,54,48,60,4,38,70,Degraded
B0759,4,1529,78,2,46,26,38,4,35,60,Degraded
B0760,3,827,86,3,32,28,36,4,25,77,Moderate
B0761,1,1155,89,2,52,36,47,3,11,74,Degraded
B0762,7,1556,61,2,84,47,56,3,23,62,Degraded
B0763,4,434,59,2,23,38,46,3,26,83,Moderate
B0764,8,1385,46,2,72,25,33,3,17,67,Degraded
B0765,4,1414,52,2,13,34,43,3,39,60,Moderate
B0766,1,471,41,3,82,45,54,3,24,83,Moderate
B0767,6,848,70,2,43,30,38,4,8,82,Moderate
B0768,1,1111,72,3,47,41,49,3,17,73,Degraded
B0769,4,999,46,2,26,40,53,4,27,72,Degraded
B0770,4,806,64,3,26,41,52,4,26,75,Moderate
B0771,4,1317,84,2,25,28,40,3,32,62,Degraded
B0772,4,1138,83,2,55,36,42,3,31,69,Healthy
B0773,6,1306,90,2,78,41,46,4,31,64,Degraded
B0774,1,807,80,3,24,33,38,3,9,81,Moderate
B0775,4,693,58,3,40,42,51,4,15,81,Moderate
B0776,4,1639,79,2,30,29,37,4,15,63,Degraded
B0777,2,1772,53,2,46,49,56,4,24,57,Degraded
B0778,7,1733,62,2,84,33,45,3,11,62,Healthy
B0779,5,1324,84,3,68,45,50,4,18,69,Moderate
B0780,3,1202,78,3,18,40,46,4,24,69,Degraded
B0781,5,493,48,3,38,31,39,3,13,85,Moderate
B0782,2,490,47,2,55,27,33,3,35,80,Moderate
B0783,6,230,58,2,30,36,42,4,30,85,Moderate
B0784,3,933,58,2,58,29,40,3,13,78,Moderate
B0785,3,241,81,2,57,34,44,4,13,90,Moderate
B0786,4,650,54,3,21,28,39,4,38,75,Degraded
B0787,7,595,77,3,75,42,52,4,26,80,Moderate
B0788,2,637,53,2,53,30,35,3,10,85,Moderate
B0789,1,181,90,2,78,39,45,4,31,86,Moderate
B0790,7,1293,78,3,56,30,37,3,17,69,Degraded
B0791,1,771,58,2,8,47,55,4,31,74,Degraded
B0792,3,790,93,2,60,35,49,4,11,81,Moderate
B0793,6,1260,66,3,40,32,37,3,16,70,Degraded
B0794,8,1728,90,2,47,46,57,4,35,55,Healthy
B0795,4,832,44,3,43,37,50,3,19,77,Healthy
B0796,5,1225,48,2,43,46,54,3,11,72,Degraded
B0797,4,930,92,3,39,28,40,3,20,75,Moderate
B0798,4,1170,44,2,34,44,58,3,23,70,Degraded
B0799,4,836,78,3,13,30,41,3,14,80,Moderate
B0800,3,314,59,2,77,29,34,4,30,84,Moderate
B0801,7,277,78,3,42,43,57,3,34,86,Moderate
B0802,6,180,64,2,58,30,37,3,8,94,Healthy
B0803,5,763,55,2,55,31,38,4,34,75,Degraded
B0804,3,556,65,2,10,35,44,3,12,84,Moderate
B0805,8,794,92,3,30,40,47,4,36,73,Degraded
B0806,7,1079,89,2,5,48,56,4,12,73,Degraded
B0807,6,1540,72,3,49,25,34,4,25,62,Degraded
B0808,7,558,73,3,33,31,36,4,13,86,Moderate
B0809,5,764,91,2,70,35,43,4,9,80,Moderate
B0810,4,309,70,3,80,28,37,4,22,88,Moderate
B0811,8,776,42,2,66,45,59,4,19,78,Moderate
B0812,1,1388,54,3,3,41,48,3,22,65,Degraded
B0813,7,1026,56,2,26,26,36,4,33,71,Degraded
B0814,2,478,85,3,75,32,36,4,39,80,Moderate
B0815,3,293,91,3,68,47,55,4,21,88,Moderate
B0816,4,1351,69,3,19,34,44,3,27,65,Degraded
B0817,2,597,61,3,47,32,41,3,13,83,Moderate
B0818,2,455,72,3,80,43,47,4,35,80,Moderate
B0819,6,1339,44,3,47,28,41,3,21,66,Degraded
B0820,3,1172,90,3,78,34,42,3,36,66,Degraded
B0821,7,733,45,3,62,42,54,4,29,77,Moderate
B0822,6,1228,64,2,69,25,31,3,29,67,Degraded
B0823,1,1596,80,2,49,47,59,3,19,62,Degraded
B0824,1,928,39,2,78,27,39,4,23,74,Degraded
B0825,2,1698,56,2,83,40,53,3,8,64,Degraded
B0826,6,225,44,2,17,33,40,4,15,90,Healthy
B0827,3,1312,47,2,7,36,46,4,8,70,Degraded
B0828,1,1748,41,3,76,28,36,3,11,62,Healthy
B0829,2,1454,41,2,40,40,50,3,30,62,Degraded
B0830,1,694,40,2,54,46,58,4,26,78,Moderate
B0831,7,1496,74,2,57,45,51,3,16,65,Degraded
B0832,3,171,59,2,47,31,42,3,33,86,Moderate
B0833,4,1482,71,2,83,41,50,3,23,64,Degraded
B0834,6,1189,72,3,63,39,46,4,26,68,Degraded
B0835,2,1231,76,3,6,36,47,3,19,70,Degraded
B0836,3,1469,81,2,47,41,50,4,16,67,Healthy
B0837,5,172,58,2,60,41,55,3,31,87,Moderate
B0838,6,437,69,2,60,42,51,3,20,86,Moderate
B0839,8,724,83,2,51,34,40,4,28,77,Moderate
B0840,7,1079,77,2,81,25,33,4,19,72,Degraded
B0841,6,1494,44,3,12,34,39,3,37,58,Degraded
B0842,2,1107,41,2,34,33,47,3,10,75,Degraded
B0843,5,1647,91,2,49,26,39,3,9,64,Degraded
B0844,1,910,82,2,51,25,32,3,12,78,Moderate
B0845,4,915,49,3,48,49,56,4,14,77,Moderate
B0846,2,960,93,2,8,49,61,3,18,75,Degraded
B0847,3,939,51,2,67,36,46,4,25,74,Degraded
B0848,2,694,90,2,25,45,51,3,36,75,Degraded
B0849,3,1410,73,2,76,43,52,4,26,64,Degraded
B0850,4,828,47,3,32,32,46,3,26,76,Moderate
B0851,4,766,68,2,42,25,32,4,9,82,Moderate
B0852,2,932,47,3,19,32,41,3,28,74,Degraded
B0853,7,1376,43,2,18,25,36,3,24,65,Degraded
B0854,2,919,65,2,43,25,38,3,23,75,Degraded
B0855,5,1516,46,3,43,34,46,4,16,65,Degraded
B0856,4,925,56,2,36,29,41,3,33,72,Degraded
B0857,4,1255,52,3,28,39,51,3,32,66,Degraded
B0858,5,326,49,3,14,39,47,3,20,87,Moderate
B0859,7,1316,74,2,7,34,46,4,29,65,Degraded
B0860,3,602,58,2,77,44,53,4,31,79,Moderate
B0861,6,1061,40,3,66,42,55,3,20,73,Degraded
B0862,3,1166,74,3,14,47,62,3,10,74,Degraded
B0863,5,773,69,2,46,40,55,3,39,73,Healthy
B0864,3,827,64,2,40,42,55,3,9,79,Moderate
B0865,5,923,87,2,71,46,60,4,13,78,Healthy
B0866,6,820,40,2,72,47,55,3,25,76,Moderate
B0867,7,804,90,2,80,26,38,4,30,76,Moderate
B0868,7,519,59,3,70,48,53,3,21,84,Moderate
B0869,1,293,70,3,6,32,45,3,9,91,Healthy
B0870,6,1646,45,3,23,30,37,4,8,64,Degraded
B0871,6,1123,45,2,75,25,30,3,20,71,Degraded
B0872,2,1678,64,2,41,36,45,4,14,62,Moderate
B0873,2,779,91,3,56,44,52,3,28,75,Moderate
B0874,7,334,89,3,20,42,50,3,20,88,Moderate
B0875,0,1755,85,3,50,36,48,3,30,57,Degraded
B0876,1,1745,70,3,39,41,50,3,16,61,Degraded
B0877,6,1064,87,2,6,28,40,3,39,68,Degraded
B0878,1,1659,61,3,83,41,46,4,23,59,Degraded
B0879,4,1062,56,2,23,43,52,3,20,71,Degraded
B0880,7,526,85,2,23,33,37,4,29,81,Moderate
B0881,5,853,43,3,39,43,57,3,16,78,Degraded
B0882,6,1685,64,3,67,42,52,3,33,57,Moderate
B0883,3,593,74,2,53,35,43,3,39,75,Moderate
B0884,2,1392,59,3,14,44,55,3,13,68,Degraded
B0885,3,1689,38,3,50,25,40,4,34,57,Healthy
B0886,7,920,70,2,32,35,39,4,11,78,Moderate
B0887,1,576,63,3,28,44,49,3,12,84,Moderate
B0888,6,617,75,3,26,46,61,4,37,77,Moderate
B0889,1,955,82,4,35,40,52,4,30,72,Degraded
B0890,2,1650,70,3,42,39,45,3,19,61,Degraded
B0891,1,383,91,2,53,30,41,4,26,85,Moderate
B0892,4,1627,39,2,32,35,45,4,37,57,Degraded
B0893,4,207,50,3,14,35,43,3,21,89,Moderate
B0894,4,171,78,2,14,34,42,4,28,88,Moderate
B0895,2,1601,89,3,72,28,40,3,25,60,Degraded
B0896,5,751,60,2,47,26,36,4,11,81,Moderate
B0897,7,1129,82,2,17,46,52,4,37,66,Degraded
B0898,8,565,70,3,73,43,55,3,25,82,Moderate
B0899,1,392,77,3,52,39,49,3,8,91,Healthy
B0900,7,936,82,2,76,47,55,4,29,73,Degraded
B0901,3,232,68,3,82,42,54,4,29,87,Moderate
B0902,1,1571,43,2,8,24,30,3,15,64,Degraded
B0903,3,814,65,2,10,32,43,3,35,73,Degraded
B0904,1,161,89,3,29,31,41,4,10,94,Healthy
B0905,4,463,80,3,16,32,39,3,30,82,Moderate
B0906,7,476,74,3,63,33,40,4,23,83,Moderate
B0907,2,854,91,2,28,43,54,3,23,76,Moderate
B0908,3,1170,42,3,31,44,50,4,25,69,Degraded
B0909,7,175,57,3,6,37,46,4,34,86,Moderate
B0910,3,1347,70,3,5,25,39,4,30,65,Degraded
B0911,6,584,72,3,22,25,32,3,15,85,Moderate
B0912,2,937,47,3,15,48,60,3,14,79,Moderate
B0913,6,1448,58,3,72,47,59,3,29,62,Degraded
B0914,7,1143,79,2,53,38,48,4,12,74,Degraded
B0915,3,1626,72,3,20,25,33,4,36,56,Degraded
B0916,3,530,89,3,25,45,54,3,31,80,Moderate
B0917,6,1757,40,2,51,32,46,4,17,60,Degraded
B0918,4,1120,50,2,53,48,60,3,28,69,Degraded
B0919,2,1094,79,2,10,36,49,3,26,70,Degraded
B0920,5,1347,63,2,85,31,41,3,31,64,Degraded
B0921,5,1169,77,3,61,31,45,3,34,65,Degraded
B0922,4,350,74,3,59,47,55,4,19,88,Moderate
B0923,2,214,70,2,33,39,51,3,27,86,Moderate
B0924,7,462,48,2,20,49,60,4,38,80,Moderate
B0925,8,512,93,3,33,34,47,4,21,84,Moderate
B0926,4,499,71,3,42,29,39,4,37,78,Moderate
B0927,5,1115,66,3,45,36,48,3,16,71,Degraded
B0928,4,1692,68,3,20,41,48,4,15,61,Degraded
B0929,3,1330,69,3,34,36,47,3,16,69,Degraded
B0930,3,834,52,3,22,39,49,4,18,79,Moderate
B0931,1,296,78,3,67,29,35,3,32,84,Degraded
B0932,3,867,61,3,11,48,61,4,35,72,Degraded
B0933,5,221,61,2,65,40,50,3,39,84,Moderate
B0934,2,884,91,2,42,41,48,4,15,77,Moderate
B0935,4,1821,94,3,74,42,51,3,21,59,Degraded
B0936,5,1205,65,3,43,44,50,4,39,64,Degraded
B0937,5,932,49,3,22,37,43,4,30,73,Degraded
B0938,2,377,77,3,67,38,45,4,25,86,Moderate
B0939,1,329,59,3,72,42,51,4,26,86,Moderate
B0940,8,885,47,2,54,41,50,3,24,74,Moderate
B0941,5,1268,47,2,6,41,49,3,28,66,Healthy
B0942,3,627,46,2,75,25,36,3,19,83,Moderate
B0943,1,140,43,3,61,37,49,3,12,95,Healthy
B0944,1,1195,72,3,74,34,41,3,32,67,Degraded
B0945,2,310,50,2,22,31,39,4,19,88,Moderate
B0946,6,1057,76,2,71,33,45,3,33,68,Degraded
B0947,1,723,58,3,32,35,45,4,11,81,Moderate
B0948,2,1747,74,2,32,31,44,3,38,53,Degraded
B0949,5,656,49,2,69,36,46,4,27,79,Moderate
B0950,2,816,69,2,60,37,46,4,28,76,Moderate
B0951,5,1590,65,2,9,28,35,4,28,59,Degraded
B0952,5,1638,95,2,60,31,39,3,30,59,Degraded
B0953,7,226,85,3,21,48,55,3,15,90,Healthy
B0954,5,1580,59,3,84,46,60,4,21,61,Moderate
B0955,3,226,71,2,81,49,61,4,26,88,Moderate
B0956,7,1762,75,2,80,36,40,3,28,57,Degraded
B0957,5,496,51,3,78,34,44,4,18,84,Moderate
B0958,3,197,66,3,42,30,36,3,29,88,Moderate
B0959,6,1813,55,3,55,48,59,3,29,56,Degraded
B0960,6,1321,84,2,81,31,44,4,14,70,Degraded
B0961,4,1686,69,3,22,33,47,3,16,61,Degraded
B0962,7,1383,80,2,5,31,37,4,13,68,Degraded
B0963,7,942,50,2,14,30,43,4,14,78,Moderate
B0964,2,708,90,2,6,32,40,3,33,76,Moderate
B0965,2,718,82,3,68,26,38,3,9,84,Moderate
B0966,4,1698,62,2,72,36,46,3,7,64,Degraded
B0967,1,959,63,3,72,35,47,4,30,71,Degraded
B0968,7,759,93,3,85,30,35,3,26,77,Degraded
B0969,1,1659,75,3,58,31,45,3,18,61,Moderate
B0970,2,1288,81,2,53,34,48,4,27,67,Moderate
B0971,3,1390,80,2,36,48,59,3,34,62,Degraded
B0972,3,831,85,3,77,44,53,3,36,72,Degraded
B0973,7,1591,47,2,25,42,57,4,16,64,Degraded
B0974,2,1176,88,2,71,39,45,4,15,73,Degraded
B0975,7,264,57,3,64,32,38,4,22,89,Moderate
B0976,4,1196,82,3,26,48,56,4,20,70,Degraded
B0977,8,1552,64,3,39,44,56,4,32,61,Degraded
B0978,7,516,39,3,13,39,46,3,16,85,Healthy
B0979,1,401,80,3,60,47,61,3,13,87,Moderate
B0980,5,1324,48,2,50,25,31,4,12,69,Degraded
B0981,3,245,68,3,39,28,36,4,33,85,Moderate
B0982,3,1687,68,3,85,47,54,3,18,60,Degraded
B0983,0,723,58,3,43,43,47,3,8,83,Degraded
B0984,5,308,59,3,38,38,43,4,36,84,Moderate
B0985,3,1211,51,2,85,40,44,3,30,67,Degraded
B0986,3,730,55,2,19,38,52,3,37,75,Degraded
B0987,4,915,56,3,14,32,40,4,25,74,Degraded
B0988,6,1677,70,2,24,40,54,4,8,63,Degraded
B0989,2,1162,63,3,80,34,40,4,38,65,Degraded
B0990,6,1263,71,2,23,36,41,3,23,68,Degraded
B0991,7,1669,93,2,76,38,47,3,23,61,Degraded
B0992,1,1280,92,2,25,45,51,3,17,70,Degraded
B0993,6,1352,85,2,46,47,55,4,13,70,Degraded
B0994,1,718,86,3,22,43,50,3,37,74,Degraded
B0995,4,1545,63,3,74,48,58,4,38,58,Degraded
B0996,1,806,75,2,17,49,55,3,16,80,Moderate
B0997,8,1541,80,2,37,46,52,4,17,63,Degraded
B0998,4,1332,70,2,36,29,42,3,18,67,Healthy
B0999,3,477,49,2,19,30,35,3,9,88,Moderate
B1000,5,1390,57,3,17,26,31,4,33,62,Degraded
